Trans. Date,Post Date,Description,Amount,Category
01/24/2023,01/24/2023,"INTERNET PAYMENT - THANK YOU",-345.68,"Payments and Credits"
01/26/2023,01/26/2023,"NIKE.COM 8008066453 CA",129.30,"Merchandise"
02/02/2023,02/02/2023,"AMAZON WEB SERVICES AWS.AMAZON.COWA34C4T3XHF94",10.56,"Services"
02/02/2023,02/02/2023,"SUSHIMONO ELK GROVE CA",46.87,"Restaurants"
02/05/2023,02/05/2023,"KABOB & GYRO ELK GROVE CA",15.09,"Restaurants"
02/07/2023,02/07/2023,"APPLE.COM/BILL 111-111-1111 CA",0.99,"Merchandise"
02/11/2023,02/11/2023,"NIKE.COM 8008066453 CA",226.28,"Merchandise"
02/12/2023,02/12/2023,"APPLE.COM/BILL 111-111-1111 CA",0.99,"Merchandise"
02/14/2023,02/14/2023,"MCDONALDS 35050 STOCKTON CA",1.39,"Restaurants"
02/16/2023,02/16/2023,"WALMART STORE 05848 ELK GROVE CA",15.43,"Merchandise"
02/17/2023,02/17/2023,"WALMART STORE 05848 ELK GROVE CA",20.00,"Merchandise"
02/20/2023,02/20/2023,"CHIPOTLE ONLINE 949-524-4000 CA",10.51,"Restaurants"
02/21/2023,02/21/2023,"INTERNET PAYMENT - THANK YOU",-466.90,"Payments and Credits"
02/23/2023,02/23/2023,"NIKE.COM 8008066453 CA",-226.28,"Payments and Credits"
02/25/2023,02/25/2023,"POPEYES 12967 ELK GROVE CA",30.66,"Restaurants"
02/26/2023,02/26/2023,"APPLE.COM/BILL 866-712-7753 CAMLDYGDV58MA0",4.99,"Merchandise"
02/26/2023,02/26/2023,"APPLE.COM/BILL 866-712-7753 CAMLDYGDV48HA0",19.99,"Merchandise"
03/01/2023,03/01/2023,"TACO BELL #731814 818-991-4174 CA",6.45,"Restaurants"
03/02/2023,03/02/2023,"AMAZON WEB SERVICES AWS.AMAZON.COWA5GTE702435E",3.08,"Services"
03/09/2023,03/09/2023,"MIKUNI JAPANESE RESTAURA ELK GROVE CA",101.86,"Restaurants"
03/12/2023,03/12/2023,"APPLE.COM/BILL 866-712-7753 CAMLDYHL64MQA0",0.99,"Merchandise"
03/12/2023,03/12/2023,"IN N OUT BURGER 388 ELK GROVE CA",23.71,"Restaurants"
03/12/2023,03/12/2023,"MCDONALDS 35050 STOCKTON CA",18.91,"Restaurants"
03/16/2023,03/16/2023,"HUCKLEBERRYS ELK GROVE CA",54.54,"Restaurants"
03/17/2023,03/17/2023,"NIKE INC 800-806-6453 OR",96.98,"Merchandise"
03/17/2023,03/19/2023,"NIKE.COM 8008066453 CA",-129.30,"Payments and Credits"
03/19/2023,03/20/2023,"STARBUCKS STORE 07593 ROCKVILLE MDD18113609AAD733623",4.72,"Restaurants"
03/21/2023,03/21/2023,"DUNKIN #353616 ROCKVILLE MD",2.00,"Restaurants"
03/21/2023,03/21/2023,"INTERNET PAYMENT - THANK YOU",-17.09,"Payments and Credits"
03/23/2023,03/23/2023,"APPLE.COM/BILL 866-712-7753 CAMLDYJ4JLQWA0",0.99,"Merchandise"
03/24/2023,03/24/2023,"WALMART STORE 05848 ELK GROVE CA",7.56,"Merchandise"
03/29/2023,03/29/2023,"CHIPOTLE ONLINE 949-524-4000 CA",32.70,"Restaurants"
03/29/2023,03/29/2023,"WALMART STORE 05848 ELK GROVE CA",2.26,"Merchandise"
04/01/2023,04/01/2023,"WWW COSTCO COM 800-955-2292 WA008471021533834",250.00,"Warehouse Clubs"
04/01/2023,04/01/2023,"WWW COSTCO COM 800-955-2292 WA008471021533834",500.00,"Warehouse Clubs"
04/02/2023,04/02/2023,"AMAZON WEB SERVICES AWS.AMAZON.COWA4TDYOV7WAB9",18.68,"Services"
04/02/2023,04/02/2023,"MCDONALD'S F35050 ELK GROVE CA",1.40,"Restaurants"
04/03/2023,04/03/2023,"H&R BLOCK TAX SOFTWARE 800-472-5625 MO",19.95,"Services"
04/03/2023,04/03/2023,"UCSC ADM/STUDENT BUSINES 831-459-4544 CA",412.00,"Education"
04/07/2023,04/07/2023,"ACT*FRHS ONLINEOJJ 877-228-4881 TXVTTRB40Y46643328",80.00,"Education"
04/09/2023,04/09/2023,"SMASHBURGER #1158 ELK GROVE CA",74.56,"Restaurants"
04/12/2023,04/12/2023,"APPLE.COM/BILL 866-712-7753 CAMLDYL1X9Z8A0",0.99,"Merchandise"
04/12/2023,04/12/2023,"CHIPOTLE ONLINE 949-524-4000 CA",21.04,"Restaurants"
04/17/2023,04/17/2023,"ACT*FRHS ONLINEOJJ 877-228-4881 TXVU1ALLUP37779912",105.00,"Education"
04/21/2023,04/21/2023,"INTERNET PAYMENT - THANK YOU",-1533.85,"Payments and Credits"
04/22/2023,04/22/2023,"NIKE.COM 8008066453 CA",228.38,"Merchandise"
04/24/2023,04/24/2023,"NIKE INC 800-806-6453 OR",152.25,"Merchandise"
04/25/2023,04/25/2023,"MCDONALDS 35050 STOCKTON CA",6.73,"Restaurants"
04/29/2023,04/29/2023,"MIKUNI JAPANESE RESTAURA SACRAMENTO CA",290.35,"Restaurants"
05/02/2023,05/02/2023,"AMAZON WEB SERVICES AWS.AMAZON.COWAWOTMTAAYPS4",2.04,"Services"
05/04/2023,05/04/2023,"MCDONALDS 35050 STOCKTON CA",4.23,"Restaurants"
05/04/2023,05/04/2023,"NIKE.COM 8008066453 CA",163.13,"Merchandise"
05/07/2023,05/07/2023,"AMAZON PRIME*4L0AP92C3 AMZN.COM/BILLWA4FMDKAUPOZM",8.15,"Merchandise"
05/11/2023,05/11/2023,"ACT*FRHS ONLINEOJJ 877-228-4881 TXVYEDPLYB98559092",95.00,"Education"
05/11/2023,05/11/2023,"NIKE.COM 8008066453 CA",-163.13,"Payments and Credits"
05/12/2023,05/12/2023,"APPLE.COM/BILL 111-111-1111 CA",0.99,"Merchandise"
05/15/2023,05/15/2023,"MCDONALDS 35290 ELK GROVE CA",6.84,"Restaurants"
05/16/2023,05/16/2023,"TACO BELL #731814 818-991-4174 CA",13.54,"Restaurants"
05/18/2023,05/20/2023,"WALMART STORE 05848 ELK GROVE CA",19.08,"Merchandise"
05/19/2023,05/20/2023,"ACT*FRHS ONLINEOJJ 877-228-4881 TXVZR1BGIJ57516181",90.00,"Education"
05/19/2023,05/20/2023,"KOTTERI RAMEN BAR ELK GROVE CA",67.75,"Restaurants"
05/19/2023,05/20/2023,"WALMART STORE 05848 ELK GROVE CA",2.28,"Merchandise"
05/20/2023,05/20/2023,"INTERNET PAYMENT - THANK YOU",-808.50,"Payments and Credits"
05/22/2023,05/22/2023,"ROSEVILLE GOLFLAND LTD ROSEVILLE CA02227R",12.00,"Travel/ Entertainment"
05/23/2023,05/23/2023,"BONCHON ELK GROVE ELK GROVE CA",53.11,"Restaurants"
05/23/2023,05/23/2023,"RALEY S #443 ELK GROVE CA",3.99,"Supermarkets"
05/25/2023,05/25/2023,"CITYOFSAC IPS PKGMETER SACRAMENTO CA02504R",1.75,"Services"
05/25/2023,05/25/2023,"CITYOFSAC IPS PKGMETER SACRAMENTO CA02590R",4.75,"Services"
05/25/2023,05/25/2023,"CITYOFSAC IPS PKGMETER SACRAMENTO CA02516R",5.00,"Services"
05/25/2023,05/25/2023,"EVANGELINE'S SACRAMENTO CA",6.50,"Merchandise"
05/25/2023,05/25/2023,"MACYS DWTN SACRAMENTO SACRAMENTO CA",14.13,"Department Stores"
05/25/2023,05/25/2023,"STARBUCKS STORE 48012 SACRAMENTO CA6C25F7D40D55782673",5.45,"Restaurants"
05/29/2023,05/29/2023,"MCDONALDS 35050 STOCKTON CA",1.40,"Restaurants"
06/01/2023,06/01/2023,"HOLLISTER #30683 ROSEVILLE CA",10.76,"Merchandise"
06/01/2023,06/01/2023,"SQ *SHAKE SHACK ROSEVILLE CA0001152921512845701600",19.47,"Restaurants"
06/01/2023,06/01/2023,"TOKYO JAPANESE LIFESTYLE ROSEVILLE CA",3.23,"Merchandise"
06/01/2023,06/01/2023,"TST* LEATHERBY'S FAMILY ELK GROVE CA",7.49,"Restaurants"
06/02/2023,06/02/2023,"AMAZON WEB SERVICES AWS.AMAZON.COWA33KSUPV734U",2.00,"Services"
06/03/2023,06/03/2023,"CHIPOTLE ONLINE 949-524-4000 CA",22.40,"Restaurants"
06/06/2023,06/06/2023,"MCDONALDS 35050 STOCKTON CA",1.40,"Restaurants"
06/06/2023,06/06/2023,"RICH PROXIES 5165959227 NY",28.50,"Merchandise"
06/06/2023,06/06/2023,"TEMU.COM TEMU.COM MATEMU.COM",11.31,"Department Stores"
06/07/2023,06/07/2023,"ADIDAS SPARTANBURG SC",228.38,"Merchandise"
06/08/2023,06/08/2023,"ADIDAS SPARTANBURG SC",250.13,"Merchandise"
06/09/2023,06/09/2023,"ROUND1 BO - RVM, CA ROSE ROSEVILLE CA",24.00,"Travel/ Entertainment"
06/09/2023,06/09/2023,"TACO BELL #031814 ELK GROVE CA",5.63,"Restaurants"
06/09/2023,06/09/2023,"TACO BELL #031814 ELK GROVE CA",5.84,"Restaurants"
06/12/2023,06/12/2023,"ADIDAS SPARTANBURG SC",97.87,"Merchandise"
06/12/2023,06/12/2023,"WALMART STORE 05848 ELK GROVE CA",18.51,"Merchandise"
06/13/2023,06/13/2023,"APPLE.COM/BILL 866-712-7753 CAMLDYT4TNY7A0",0.99,"Merchandise"
06/14/2023,06/14/2023,"ADIDAS SPARTANBURG SC",250.13,"Merchandise"
06/15/2023,06/15/2023,"ADIDAS SPARTANBURG SC",97.87,"Merchandise"
06/18/2023,06/18/2023,"ADIDAS SPARTANBURG SC",76.13,"Merchandise"
06/20/2023,06/20/2023,"SQ *KURA REVOLVING SUS GOSQ.COM CA0001152921512902150571",21.99,"Restaurants"
06/21/2023,06/21/2023,"INTERNET PAYMENT - THANK YOU",-1449.23,"Payments and Credits"
06/23/2023,06/23/2023,"SQ *SOMISOMI ELK GROVE CA0001152921512912050742",4.25,"Supermarkets"
06/24/2023,06/24/2023,"TST* PIEOLOGY - ELK GROV ELK GROVE CA",32.58,"Restaurants"
06/30/2023,06/30/2023,"STARBUCKS STORE 08624 ELK GROVE CA23D9D670C9CF679566",5.25,"Restaurants"
07/02/2023,07/02/2023,"AMAZON WEB SERVICES AWS.AMAZON.COWA4U6IKM9NXVK",2.00,"Services"
07/10/2023,07/10/2023,"CHIPOTLE ONLINE 949-524-4000 CA",21.21,"Restaurants"
07/12/2023,07/12/2023,"APPLE.COM/BILL 866-712-7753 CAMLDYW6SV20A0",4.99,"Merchandise"
07/13/2023,07/13/2023,"APPLE.COM/BILL 866-712-7753 CAMLDYWQT783A0",0.99,"Merchandise"
07/19/2023,07/20/2023,"WALMART STORE 05848 ELK GROVE CA",4.58,"Merchandise"
07/22/2023,07/22/2023,"INTERNET PAYMENT - THANK YOU",-93.26,"Payments and Credits"
07/24/2023,07/24/2023,"REGAL DELTA SHORES 14 SACRAMENTO CA",25.50,"Travel/ Entertainment"
07/24/2023,07/24/2023,"SQ *SOMISOMI ELK GROVE CA0002305843018061887223",6.95,"Supermarkets"
08/02/2023,08/02/2023,"AMAZON WEB SERVICES AWS.AMAZON.COWA2QCB33Z4RYR",6.45,"Services"
08/05/2023,08/05/2023,"ADIDAS SPARTANBURG SC",119.63,"Merchandise"
08/08/2023,08/08/2023,"IN N OUT BURGER 119 LOS ANGELES CA",8.32,"Restaurants"
08/13/2023,08/13/2023,"APPLE.COM/BILL 866-712-7753 CAMLDYZ9HMLNA0",0.99,"Merchandise"
08/15/2023,08/15/2023,"ADIDAS SPARTANBURG SC",76.13,"Merchandise"
08/17/2023,08/20/2023,"ROUND1 AM - ROSEVILLE MA ROSEVILLE CA",11.00,"Travel/ Entertainment"
08/21/2023,08/21/2023,"ADIDAS SPARTANBURG SC",76.13,"Merchandise"
08/22/2023,08/22/2023,"INTERNET PAYMENT - THANK YOU",-248.55,"Payments and Credits"
08/22/2023,08/22/2023,"RAISING CANES 0530 STOCKTON CA02266R",12.42,"Restaurants"
08/24/2023,08/24/2023,"CHIPOTLE ONLINE 949-524-4000 CA",8.01,"Restaurants"
08/24/2023,08/24/2023,"MCDONALD'S F35290 ELK GROVE CA",1.40,"Restaurants"
08/26/2023,08/26/2023,"BOBA CAFE SACRAMENTO CA",68.53,"Restaurants"
08/26/2023,08/26/2023,"CITYOFSAC IPS PKGMETER SACRAMENTO CA02686R",11.75,"Services"
08/26/2023,08/26/2023,"STARBUCKS STORE 48012 SACRAMENTO CA987F5896D33D678982",7.30,"Restaurants"
08/27/2023,08/27/2023,"APPLE.COM/BILL 866-712-7753 CAMLDZ0K6841A0",14.99,"Merchandise"
08/27/2023,08/27/2023,"POPEYES 13684 LIVERMORE CA",13.91,"Restaurants"
08/27/2023,08/27/2023,"POPEYES 13684 LIVERMORE CA",40.20,"Restaurants"
08/27/2023,08/27/2023,"STARBUCKS STORE 48346 SACRAMENTO CACE3A65105925657191",5.95,"Restaurants"
08/28/2023,08/28/2023,"SAFEWAY #1647 ELK GROVE CA",2.00,"Supermarkets"
08/28/2023,08/28/2023,"SAFEWAY #1647 ELK GROVE CA",12.47,"Supermarkets"
08/29/2023,08/29/2023,"85C BAKERY CAFE USA SACRAMENTO CA",36.00,"Merchandise"
08/29/2023,08/29/2023,"APPLE.COM/BILL 866-712-7753 CAMV9Z3W4VG8A0",4.99,"Merchandise"
08/30/2023,08/30/2023,"APPLE.COM/BILL 111-111-1111 CA",14.99,"Merchandise"
08/30/2023,08/30/2023,"MCDONALD'S F35050 ELK GROVE CA",12.58,"Restaurants"
09/02/2023,09/02/2023,"AMAZON WEB SERVICES AWS.AMAZON.COWA49DWDNNUM4G",2.68,"Services"
09/04/2023,09/04/2023,"TST* SIT LO SAIGON, ELK ELK GROVE CA",15.17,"Restaurants"
09/05/2023,09/05/2023,"WALMART SC 05848 ELK GROVE CA",7.92,"Merchandise"
09/06/2023,09/06/2023,"BESTBUYCOM806790196995 888BESTBUY MN",1201.24,"Merchandise"
09/06/2023,09/06/2023,"RALEY S #443 ELK GROVE CA",10.70,"Supermarkets"
09/06/2023,09/06/2023,"TST* OZ KOREAN BBQ - E ELK GROVE CA00015426013558270007AA",119.40,"Restaurants"
09/07/2023,09/07/2023,"REGAL CINEMAS INC 877-835-5734 TN",14.55,"Travel/ Entertainment"
09/09/2023,09/09/2023,"SQ *SOMISOMI ELK GROVE CA0001152921513170634645",4.50,"Restaurants"
09/11/2023,09/11/2023,"DAISO BA21 SACRAMENTO CA",3.05,"Merchandise"
09/11/2023,09/11/2023,"WALMART SC 02464 SACRAMENTO CA",17.00,"Merchandise"
09/12/2023,09/12/2023,"APPLE.COM/BILL 866-712-7753 CA",0.99,"Merchandise"
09/14/2023,09/14/2023,"ARIGATO SUSHI. ROSEVILLE CA",118.00,"Restaurants"
09/14/2023,09/14/2023,"BATH & BODY WORKS 4267 ROSEVILLE CA",4.26,"Merchandise"
09/14/2023,09/14/2023,"DAISO BA14 WRS ROSEVILLE CA",2.55,"Merchandise"
09/14/2023,09/14/2023,"THE HOME DEPOT #1003 SACRAMENTO CA",42.41,"Home Improvement"
09/15/2023,09/15/2023,"WALMART SC 05848 ELK GROVE CA",14.93,"Merchandise"
09/17/2023,09/17/2023,"AMZN MKTP US*TX3KJ9G20 AMZN.COM/BILLWA39S3C288TZB",8.69,"Merchandise"
09/17/2023,09/17/2023,"AMZN MKTP US*TX9H68GE0 AMZN.COM/BILLWA5FGXSJWM8T1",11.73,"Merchandise"
09/17/2023,09/17/2023,"CHIPOTLE ONLINE 949-524-4000 CA",10.85,"Restaurants"
09/17/2023,09/17/2023,"SHELL10007167025 COALINGA CA",19.91,"Gasoline"
09/18/2023,09/20/2023,"UCLA SELFSERVE PARK LOS ANGELES CA",10.00,"Services"
09/21/2023,09/21/2023,"INTERNET PAYMENT - THANK YOU",-1985.15,"Payments and Credits"
09/21/2023,09/21/2023,"TARGET 00027748091 LOS ANGELES CA",10.19,"Supermarkets"
09/22/2023,09/22/2023,"UCLA BCC WEB DEPOSIT LOS ANGELES CA",10.00,"Education"
09/23/2023,09/23/2023,"FLIX SAN FRANCISCOCA",14.98,"Travel/ Entertainment"
09/23/2023,09/23/2023,"MR. NOODLE LOS ANGELES CA",18.15,"Restaurants"
09/23/2023,09/23/2023,"ZHANGLIANG MALATANG. IRVINE CA",13.08,"Restaurants"
09/24/2023,09/24/2023,"MCDONALD'S F37102 RIVERSIDE CA",8.13,"Restaurants"
09/28/2023,09/28/2023,"SW AIR DALLAS TX",49.93,"Travel/ Entertainment"
09/28/2023,09/28/2023,"UCLA BCC WEB DEPOSIT LOS ANGELES CA",50.00,"Education"
09/29/2023,09/29/2023,"PAR*YOSHINOYA - 4136 LOS ANGELES CA",0.84,"Restaurants"
10/02/2023,10/02/2023,"AMAZON WEB SERVICES AWS.AMAZON.COWA2V3D6NPQR7X",2.00,"Services"
10/05/2023,10/05/2023,"UCLA RESTAURANTS LOS ANGELES CA",0.50,"Restaurants"
10/07/2023,10/07/2023,"2LEVY@RBOWL PASADENA CA",7.72,"Restaurants"
10/09/2023,10/09/2023,"UCLA STORE LOS ANGELES CA",70.08,"Merchandise"
10/12/2023,10/12/2023,"FLIX SAN FRANCISCOCA",14.98,"Travel/ Entertainment"
10/13/2023,10/13/2023,"AMZN MKTP US*TP4TF9NH2 AMZN.COM/BILLWA5THIOLD4W2J",23.72,"Merchandise"
10/13/2023,10/13/2023,"APPLE.COM/BILL 866-712-7753 CAMLDZ4DW4JDA0",0.99,"Merchandise"
10/14/2023,10/14/2023,"BIRD* PENDING.BIRD.CO 8662052442 CA",6.46,"Travel/ Entertainment"
10/15/2023,10/16/2023,"FLIX SAN FRANCISCOCA",-14.98,"Payments and Credits"
10/19/2023,10/20/2023,"DAISO LA15 SAWTELLE LOS ANGELES CA",7.08,"Merchandise"
10/19/2023,10/20/2023,"NIJIYA MARKET #35 WEST LOS ANGECA",43.86,"Supermarkets"
10/20/2023,10/20/2023,"INTERNET PAYMENT - THANK YOU",-296.77,"Payments and Credits"
10/22/2023,10/22/2023,"SQ *MILLET CREPE LOS ANGELES CA0001152921513327834260",9.80,"Restaurants"
10/23/2023,10/23/2023,"TARGET 00027748091 LOS ANGELES CA",20.88,"Supermarkets"
10/28/2023,10/28/2023,"NIJIYA MARKET #38 LOS ANGELES CA",1.99,"Supermarkets"
10/29/2023,10/29/2023,"PY *TAKOYAKI TANOTA LOS ANGELES CA",24.00,"Restaurants"
10/31/2023,10/31/2023,"AMZN MKTP US*QL3CK1CE3 AMZN.COM/BILLWA1TF2M46X7C2",21.02,"Merchandise"
11/01/2023,11/01/2023,"STARBUCKS STORE 00536 LOS ANGELES CA762868B489CF686452",0.95,"Restaurants"
11/02/2023,11/02/2023,"AMAZON WEB SERVICES AWS.AMAZON.COWA6EZ4Z9MDHOO",36.94,"Services"
11/03/2023,11/03/2023,"AMAZON WEB SERVICES AWS.AMAZON.COWA2PXPRT60TK9",2.00,"Services"
11/06/2023,11/06/2023,"CARLS JR 505 LOS ANGELES CA",0.62,"Restaurants"
11/11/2023,11/11/2023,"ALBERTSONS #0597 IRVINE CA",5.73,"Supermarkets"
11/11/2023,11/11/2023,"APPLE.COM/BILL 111-111-1111 CA",4.99,"Merchandise"
11/11/2023,11/11/2023,"BYT* OCTA 714-636-7433 CAAPPLE PAY ENDING IN 9309",4.00,"Travel/ Entertainment"
11/11/2023,11/11/2023,"IN N OUT BURGER 067 IRVINE CA",12.61,"Restaurants"
11/12/2023,11/12/2023,"APPLE.COM/BILL 866-712-7753 CAMLDZ71Y3MZA0",0.99,"Merchandise"
11/12/2023,11/12/2023,"APPLE.COM/BILL 866-712-7753 CAMLDZ71VT2QA0",4.99,"Merchandise"
11/12/2023,11/12/2023,"SQ *PEPPER LUNCH IRVIN IRVINE CA0001152921513400606779",55.16,"Restaurants"
11/13/2023,11/13/2023,"SEASIDE DONUTS BAKERY NEWPORT BEACHCA",9.36,"Restaurants"
11/13/2023,11/13/2023,"TST* TACOS TU MADRE - LOS ANGELES CA00072850014644018670AA",2.35,"Restaurants"
11/15/2023,11/15/2023,"AMAZON.COM*Q91MJ06P3 AMZN.COM/BILLWA49ZRWXRJ0VA",2.49,"Merchandise"
11/16/2023,11/16/2023,"FH* ICE AT SANTA MONIC 3105762400 CO",24.05,"Travel/ Entertainment"
11/16/2023,11/16/2023,"NIJIYA MARKET #35 WEST LOS ANGECA",5.08,"Supermarkets"
11/17/2023,11/17/2023,"DENNY'S #6865 LOS ANGELES CA",6.00,"Restaurants"
11/21/2023,11/21/2023,"INTERNET PAYMENT - THANK YOU",-306.94,"Payments and Credits"
11/21/2023,11/21/2023,"UCLA BCC WEB DEPOSIT LOS ANGELES CA",50.00,"Education"
11/23/2023,11/23/2023,"ALBERTSONS #0597 IRVINE CA",70.73,"Supermarkets"
11/23/2023,11/23/2023,"CHIPOTLE ONLINE 949-524-4000 CA",9.86,"Restaurants"
11/24/2023,11/24/2023,"H&M0146 COSTA MESA CA",57.31,"Merchandise"
11/24/2023,11/24/2023,"NORTHERN CAFE IRVINE IRVINE CA",30.00,"Restaurants"
11/27/2023,11/27/2023,"CHIPOTLE ONLINE 949-524-4000 CA",9.86,"Restaurants"
11/27/2023,11/27/2023,"PACSUN #0003 877-372-2786 CA",31.76,"Merchandise"
11/28/2023,11/28/2023,"MICHAEL KORS-909 ECOMM 866-709-5677 NY",45.72,"Merchandise"
11/29/2023,11/29/2023,"UCLA STORE LOS ANGELES CA",11.27,"Merchandise"
12/02/2023,12/02/2023,"AMAZON WEB SERVICES AWS.AMAZON.COWA7D27RY7RQOT",0.19,"Services"
12/03/2023,12/03/2023,"AMAZON WEB SERVICES AWS.AMAZON.COWAYE6EGGKQ3YA",2.00,"Services"
12/04/2023,12/04/2023,"UCLA STORE LOS ANGELES CA",12.91,"Merchandise"
12/13/2023,12/13/2023,"APPLE.COM/BILL 866-712-7753 CA",0.99,"Merchandise"
12/21/2023,12/21/2023,"INTERNET PAYMENT - THANK YOU",-332.60,"Payments and Credits"
01/02/2024,01/02/2024,"AMAZON.COM*TK88K7JY0 AMZN.COM/BILLWA2TALSUCAVW8",16.08,"Merchandise"
01/03/2024,01/03/2024,"AMAZON WEB SERVICES AWS.AMAZON.COWA68V13343GHE",2.00,"Services"
01/03/2024,01/03/2024,"STEAM PURCHASE 425-952-2985 WA",10.49,"Travel/ Entertainment"
01/07/2024,01/07/2024,"TARGET 00027748091 LOS ANGELES CA",2.19,"Supermarkets"
01/10/2024,01/10/2024,"AMZN MKTP US*TK60V3781 AMZN.COM/BILLWAWO80DKLMAEF",29.55,"Merchandise"
01/12/2024,01/12/2024,"APPLE.COM/BILL 866-712-7753 CA",0.99,"Merchandise"
01/16/2024,01/16/2024,"TARGET 00027748091 LOS ANGELES CA",3.70,"Supermarkets"
01/19/2024,01/20/2024,"QUIZLET.COM 510-495-6550 CAP-12128610",7.99,"Education"
01/20/2024,01/20/2024,"INTERNET PAYMENT - THANK YOU",-65.00,"Payments and Credits"
01/26/2024,01/26/2024,"UCLA ONLINE 310-794-5333 CA",10.00,"Education"
02/02/2024,02/02/2024,"AMAZON WEB SERVICES AWS.AMAZON.COWA1LHJGQRD5OY",10.56,"Services"
02/05/2024,02/05/2024,"TEMU.COM 8884958368 DE",16.57,"Merchandise"
02/10/2024,02/10/2024,"BYT* OCTA 714-636-7433 CAAPPLE PAY ENDING IN 0691",4.00,"Travel/ Entertainment"
02/13/2024,02/13/2024,"APPLE.COM/BILL 866-712-7753 CAMLDZJQ9QQFA0",0.99,"Merchandise"
02/13/2024,02/13/2024,"SPIRIT AIRLINES 8014012222 FL",37.09,"Travel/ Entertainment"
02/15/2024,02/15/2024,"ZIPCAR ANNUAL PLAN BOSTON MA",21.45,"Travel/ Entertainment"
02/15/2024,02/15/2024,"ZIPCAR TRIP FEB16 BOSTON MA",37.78,"Travel/ Entertainment"
02/18/2024,02/20/2024,"ZIPCAR TRIP FEB18 BOSTON MA",37.78,"Travel/ Entertainment"
02/19/2024,02/20/2024,"QUIZLET.COM 510-495-6550 CAP-12890964",7.99,"Education"
02/19/2024,02/20/2024,"ZIPCAR EXTEND FEB19 BOSTON MA",5.74,"Travel/ Entertainment"
02/19/2024,02/20/2024,"ZIPCAR EXTEND FEB19 BOSTON MA",5.75,"Travel/ Entertainment"
02/19/2024,02/20/2024,"ZIPCAR EXTEND FEB19 BOSTON MA",17.25,"Travel/ Entertainment"
02/20/2024,02/20/2024,"INTERNET PAYMENT - THANK YOU",-146.43,"Payments and Credits"
02/21/2024,02/21/2024,"DELTA AIR LINES 18002211212 CA",64.10,"Travel/ Entertainment"
02/21/2024,02/21/2024,"ZIPCAR TRIP FEB24 BOSTON MA",104.57,"Travel/ Entertainment"
02/22/2024,02/22/2024,"AS-UCLA POST OFFICE LOS ANGELES CA",5.93,"Merchandise"
02/24/2024,02/24/2024,"WALMART SC 03522 BALDWIN PARK CA",2.51,"Merchandise"
02/24/2024,02/24/2024,"WALMART STORE 03522 BALDWIN PARK CA",4.21,"Merchandise"
02/26/2024,02/26/2024,"DRI*PRINTRUNNER 888-296-5760 CADRI*PRINTRUNNER",53.58,"Merchandise"
02/27/2024,02/27/2024,"AMZN MKTP US*RZ5XX82V0 AMZN.COM/BILLWA1HIBQF299U0",82.11,"Merchandise"
03/01/2024,03/01/2024,"DRI*NEXTDAYFLYERS 855-898-9870 CADRI*NEXTDAYFLYERS",66.80,"Merchandise"
03/03/2024,03/03/2024,"AMAZON WEB SERVICES AWS.AMAZON.COWA298HSHG106N",2.00,"Services"
03/07/2024,03/07/2024,"ADIDAS SPARTANBURG SC",76.66,"Merchandise"
03/07/2024,03/07/2024,"ADIDAS SPARTANBURG SC",98.56,"Merchandise"
03/07/2024,03/07/2024,"DD *QINWESTNOODLE 6506819470 CA",33.62,"Restaurants"
03/08/2024,03/08/2024,"CLIPPER SYSTEMS MOBILE # CONCORD CA",5.00,"Travel/ Entertainment"
03/08/2024,03/08/2024,"CLIPPER SYSTEMS MOBILE # CONCORD CA",15.00,"Travel/ Entertainment"
03/08/2024,03/08/2024,"UCD MONDAVI CENTER-WEB 530-754-5415 CA",23.50,"Education"
03/09/2024,03/09/2024,"ZIPCAR TRIP MAR10 BOSTON MA",22.79,"Travel/ Entertainment"
03/10/2024,03/10/2024,"BYT* YOLO 530-661-0816 CA",2.25,"Travel/ Entertainment"
03/10/2024,03/10/2024,"ZIPCAR EXTEND MAR10 BOSTON MA",7.77,"Travel/ Entertainment"
03/10/2024,03/10/2024,"ZIPCAR TRIP MAR09 BOSTON MA",32.18,"Travel/ Entertainment"
03/10/2024,03/11/2024,"ZIPCAR TRIP MAR10 BOSTON MA",-22.79,"Payments and Credits"
03/11/2024,03/11/2024,"MCDONALDS 4745 DAVIS CA",23.67,"Restaurants"
03/11/2024,03/11/2024,"TARGET 00027748091 LOS ANGELES CA",24.05,"Supermarkets"
03/12/2024,03/12/2024,"TARGET 00027748091 LOS ANGELES CA",10.94,"Supermarkets"
03/13/2024,03/13/2024,"APPLE.COM/BILL 866-712-7753 CAMLFSNDBYY6A0",0.99,"Merchandise"
03/14/2024,03/14/2024,"STARBUCKS STORE 60171 LA QUINTA CA13FC420022F2660497",6.25,"Restaurants"
03/15/2024,03/15/2024,"APPLE.COM/BILL 866-712-7753 CAMLFSNDBYY6R001",-0.96,"Payments and Credits"
03/15/2024,03/15/2024,"APPLE.COM/BILL 866-712-7753 CAMLFSNL2Q3DA0",2.99,"Merchandise"
03/19/2024,03/20/2024,"CAPBIKE1 RIDE 855-865-9553 CA",3.85,"Travel/ Entertainment"
03/19/2024,03/20/2024,"CAPBIKE1 RIDE 855-865-9553 CA",3.85,"Travel/ Entertainment"
03/19/2024,03/20/2024,"CAPBIKE1 RIDE 855-865-9553 CA",3.85,"Travel/ Entertainment"
03/19/2024,03/20/2024,"QUIZLET.COM 510-495-6550 CAP-13653559",7.99,"Education"
03/20/2024,03/20/2024,"INTERNET PAYMENT - THANK YOU",-822.79,"Payments and Credits"
03/20/2024,03/20/2024,"PAR*YOSHINOYA - 4136 LOS ANGELES CA",0.17,"Restaurants"
03/21/2024,03/21/2024,"PAR*YOSHINOYA - 4136 LOS ANGELES CA",0.17,"Restaurants"
03/23/2024,03/23/2024,"PHO BISTRO ELK GROVE CA",82.00,"Restaurants"
03/25/2024,03/25/2024,"TST* FIRE WINGS - CENTER SACRAMENTO CA",112.44,"Restaurants"
03/26/2024,03/26/2024,"SALS KABOB & GYRO ELK GROVE CA",11.42,"Restaurants"
03/26/2024,03/26/2024,"TST* OZ KOREAN BBQ - E ELK GROVE CA00015426016777939113AA",119.95,"Restaurants"
03/28/2024,03/28/2024,"TSUKIJI SUSHI HIBACHI AY SACRAMENTO CA",99.00,"Restaurants"
03/29/2024,03/29/2024,"HAPPY LAMB HOT POT SACRAMENTO CA",102.00,"Restaurants"
03/30/2024,03/30/2024,"TST* LEATHERBY'S FAMILY ELK GROVE CA",64.44,"Restaurants"
04/02/2024,04/02/2024,"AMAZON WEB SERVICES AWS.AMAZON.COWA6C47XPMGWD4",0.13,"Services"
04/03/2024,04/03/2024,"ASUCLA CATERING 3102060730 CA",80.00,"Education"
04/03/2024,04/03/2024,"ASUCLA CATERING 3102060730 CA",480.70,"Education"
04/05/2024,04/05/2024,"HOUSE OF MEATBALLS LOS ANGELES CA",892.43,"Restaurants"
04/06/2024,04/06/2024,"RALPHS #0759 LOS ANGELES CA",171.81,"Supermarkets"
04/06/2024,04/06/2024,"RALPHS #0759 LOS ANGELES CA",250.00,"Supermarkets"
04/06/2024,04/06/2024,"TARGET 00027748091 LOS ANGELES CA",20.10,"Supermarkets"
04/06/2024,04/06/2024,"TST* TULSI INDIAN EATE LOS ANGELES CA00155489016972568310AA",1872.45,"Restaurants"
04/07/2024,04/07/2024,"UCLA LCC FRONT DESK 855-522-8552 CA",35.00,"Travel/ Entertainment"
04/07/2024,04/07/2024,"WEPAPRINTINGDEPOSIT 800-675-7639 AL",25.00,"Services"
04/11/2024,04/11/2024,"COUNTY OF LA BEACHES & H MARINA DEL RECA",7.00,"Medical Services"
04/11/2024,04/11/2024,"ZIPCAR EXTEND APR11 BOSTON MA",5.74,"Travel/ Entertainment"
04/11/2024,04/11/2024,"ZIPCAR EXTEND APR11 BOSTON MA",11.50,"Travel/ Entertainment"
04/11/2024,04/11/2024,"ZIPCAR EXTEND APR11 BOSTON MA",11.51,"Travel/ Entertainment"
04/11/2024,04/11/2024,"ZIPCAR TRIP APR10 BOSTON MA",22.99,"Travel/ Entertainment"
04/12/2024,04/12/2024,"ZIPCAR EXTEND APR13 BOSTON MA",5.75,"Travel/ Entertainment"
04/12/2024,04/12/2024,"ZIPCAR TRIP APR12 BOSTON MA",22.99,"Travel/ Entertainment"
04/13/2024,04/13/2024,"ZIPCAR TRIP APR14 BOSTON MA",25.19,"Travel/ Entertainment"
04/14/2024,04/14/2024,"APPLE.COM/BILL 866-712-7753 CAMLDZSZGNKDA0",2.99,"Merchandise"
04/15/2024,04/15/2024,"AMAZON PRIME*Y73GY7UV3 AMZN.COM/BILLWA2UHGT3N9BFC",5.24,"Merchandise"
04/15/2024,04/15/2024,"ZIPCAR EXTEND APR15 BOSTON MA",5.74,"Travel/ Entertainment"
04/15/2024,04/15/2024,"ZIPCAR EXTEND APR15 BOSTON MA",5.75,"Travel/ Entertainment"
04/15/2024,04/15/2024,"ZIPCAR EXTEND APR15 BOSTON MA",5.75,"Travel/ Entertainment"
04/22/2024,04/22/2024,"INTERNET PAYMENT - THANK YOU",-4576.89,"Payments and Credits"
05/09/2024,05/09/2024,"ZIPCAR TRIP MAY09 BOSTON MA",16.17,"Travel/ Entertainment"
05/09/2024,05/12/2024,"ZIPCAR TRIP MAY09 BOSTON MA",-16.17,"Payments and Credits"
05/10/2024,05/10/2024,"ZIPCAR TRIP MAY09 BOSTON MA",16.17,"Travel/ Entertainment"
05/12/2024,05/12/2024,"ZIPCAR TRIP MAY12 BOSTON MA",88.97,"Travel/ Entertainment"
05/12/2024,05/12/2024,"ZIPCAR TRIP MAY12 BOSTON MA",88.97,"Travel/ Entertainment"
05/12/2024,05/13/2024,"ZIPCAR TRIP MAY12 BOSTON MA",-88.97,"Payments and Credits"
05/13/2024,05/13/2024,"MCDONALDS 24051 COSTA MESA CA",20.97,"Restaurants"
05/14/2024,05/14/2024,"APPLE.COM/BILL 866-712-7753 CAMLDZX0T3FHA0",2.99,"Merchandise"
05/15/2024,05/15/2024,"ZIPCAR TRIP MAY19 BOSTON MA",101.51,"Travel/ Entertainment"
05/16/2024,05/17/2024,"ZIPCAR TRIP MAY19 BOSTON MA",-101.51,"Payments and Credits"
05/19/2024,05/20/2024,"NOAHS MOBILE 303-568-8000 CO",4.38,"Restaurants"
05/20/2024,05/20/2024,"DUN HUANG - IRVINE 3127305592 IL",46.00,"Restaurants"
05/22/2024,05/22/2024,"INTERNET PAYMENT - THANK YOU",-129.10,"Payments and Credits"
05/25/2024,05/25/2024,"NIJIYA MARKET #35 WEST LOS ANGECA",3.66,"Supermarkets"
05/28/2024,05/28/2024,"ZIPCAR TRIP JUN02 BOSTON MA",101.51,"Travel/ Entertainment"
05/30/2024,05/30/2024,"FEDEX OFFIC00000836069 PLANO TX",30.17,"Services"
05/30/2024,05/30/2024,"PARTY CITY 514 LOS ANGELES CA03067R",45.81,"Merchandise"
05/30/2024,05/30/2024,"TARGET 00027748091 LOS ANGELES CA",43.20,"Supermarkets"
05/30/2024,05/30/2024,"ZIPCAR LATE RETURN BOSTON MA",66.25,"Travel/ Entertainment"
05/30/2024,05/30/2024,"ZIPCAR TRIP JUN02 BOSTON MA",101.51,"Travel/ Entertainment"
05/30/2024,05/30/2024,"ZIPCAR TRIP MAY30 BOSTON MA",11.50,"Travel/ Entertainment"
05/30/2024,06/02/2024,"ZIPCAR TRIP JUN02 BOSTON MA",-101.51,"Payments and Credits"
05/31/2024,06/02/2024,"ZIPCAR LATE RETURN BOSTON MA",-66.25,"Payments and Credits"
05/31/2024,06/02/2024,"ZIPCAR TRIP MAY30 BOSTON MA",-11.50,"Payments and Credits"
06/01/2024,06/01/2024,"HOUSE OF MEATBALLS LOS ANGELES CA",469.08,"Restaurants"
06/01/2024,06/01/2024,"PANDA EXPRESS #175 LOS ANGELES CA",0.20,"Restaurants"
06/02/2024,06/02/2024,"TST* WANG CHO BBQ - CO SANTA ANA CA00017047018066626381AA",91.00,"Restaurants"
06/03/2024,06/03/2024,"ZIPCAR EXTEND JUN02 BOSTON MA",41.17,"Travel/ Entertainment"
06/05/2024,06/05/2024,"ZIPCAR TRIP JUN09 BOSTON MA",101.51,"Travel/ Entertainment"
06/07/2024,06/07/2024,"ZIPCAR TRIP JUN07 BOSTON MA",37.78,"Travel/ Entertainment"
06/09/2024,06/09/2024,"ZIPCAR EXTEND JUN09 BOSTON MA",3.06,"Travel/ Entertainment"
06/10/2024,06/12/2024,"ZIPCAR TRIP JUN07 BOSTON MA",-37.78,"Payments and Credits"
06/13/2024,06/13/2024,"APPLE.COM/BILL 866-712-7753 CAMLDZZWKD6DA0",2.99,"Merchandise"
06/15/2024,06/15/2024,"AMAZON PRIME*QP8II9YX3 AMZN.COM/BILLWA3GQQ41X9SVZ",8.15,"Merchandise"
06/19/2024,06/21/2024,"ZIPCAR TRIP JUN09 BOSTON MA",-50.75,"Payments and Credits"
06/21/2024,06/21/2024,"INTERNET PAYMENT - THANK YOU",-991.89,"Payments and Credits"
06/25/2024,06/25/2024,"WALMART STORE 05848 ELK GROVE CA",0.98,"Merchandise"
07/05/2024,07/05/2024,"TARGET 00010256091 ELK GROVE CA",10.86,"Supermarkets"
07/07/2024,07/07/2024,"CHIPOTLE ONLINE 949-524-4000 CA",10.77,"Restaurants"
07/11/2024,07/11/2024,"WALMART.COM 800-925-6278 ARW0XLV5SQ0IG9",35.99,"Merchandise"
07/15/2024,07/15/2024,"AMAZON PRIME*RS2AT8060 AMZN.COM/BILLWA2UCBT22VAML",8.15,"Merchandise"
07/15/2024,07/15/2024,"APPLE.COM/BILL 866-712-7753 CAMLF02XDKLSA0",2.99,"Merchandise"
07/15/2024,07/15/2024,"CLAIRE'S #5522 ELK GROVE CA",65.24,"Merchandise"
07/17/2024,07/18/2024,"WALMART.COM 800-925-6278 ARW9NUAERE0ZDA",-35.99,"Payments and Credits"
07/21/2024,07/21/2024,"INTERNET PAYMENT - THANK YOU",-48.24,"Payments and Credits"
07/25/2024,07/25/2024,"CA'S GREAT AMERICA ONLIN 408-988-1776 CA",57.99,"Travel/ Entertainment"
07/27/2024,07/27/2024,"CHIPOTLE ONLINE 949-524-4000 CA",11.43,"Restaurants"
07/27/2024,07/27/2024,"UEP*YIN JI CHANG FEN MILPITAS CA",44.06,"Restaurants"
07/29/2024,07/29/2024,"AMAZON PRIME*RV8161AH1 AMZN.COM/BILLWA3URQU8AB7HT",75.04,"Merchandise"
07/29/2024,07/30/2024,"AMAZON PRIME AMZN.COM/BILLWA2YI0ZXF102T",-69.04,"Payments and Credits"
07/29/2024,07/30/2024,"AMAZON PRIME AMZN.COM/BILLWA2IDE7L2J96U",-4.49,"Payments and Credits"
08/02/2024,08/02/2024,"AMAZON WEB SERVICES AWS.AMAZON.COWA3ZNKAQH15JK",0.50,"Services"
08/10/2024,08/10/2024,"APPLE.COM/BILL 111-111-1111 CA",2.99,"Merchandise"
08/13/2024,08/13/2024,"APPLE.COM/BILL 866-712-7753 CAMLF05Z56XDA0",2.99,"Merchandise"
08/21/2024,08/21/2024,"INTERNET PAYMENT - THANK YOU",-121.47,"Payments and Credits"
09/02/2024,09/02/2024,"AMAZON WEB SERVICES AWS.AMAZON.COWA3C4LKNWVKTG",0.55,"Services"
09/13/2024,09/13/2024,"DNH*GODADDY#3295583380 480-505-8855 AZDNH*GODADDY#3295583380",23.17,"Services"
09/14/2024,09/14/2024,"APPLE.COM/BILL 866-712-7753 CAMLF08YYMK6A0",2.99,"Merchandise"
09/17/2024,09/17/2024,"AMAZON PRIME*WW5DD4MW3 AMZN.COM/BILLWA7DDUK76T9TA",7.60,"Merchandise"
09/21/2024,09/21/2024,"INTERNET PAYMENT - THANK YOU",-34.31,"Payments and Credits"
09/21/2024,09/21/2024,"WALMART STORE 05644 IRVINE CA",65.62,"Merchandise"
09/22/2024,09/22/2024,"TARGET 00027748091 LOS ANGELES CA",10.82,"Supermarkets"
09/24/2024,09/24/2024,"NIJIYA MARKET #35 WEST LOS ANGECA",14.47,"Supermarkets"
09/29/2024,09/29/2024,"ZIPCAR LATE RETURN BOSTON MA",61.18,"Travel/ Entertainment"
09/29/2024,09/29/2024,"ZIPCAR TRIP SEP28 BOSTON MA",35.44,"Travel/ Entertainment"
10/01/2024,10/01/2024,"TARGET 00027748091 LOS ANGELES CA",21.31,"Supermarkets"
10/02/2024,10/02/2024,"AMAZON MKTPL*IW8015JG3 AMZN.COM/BILLWA47SJ69VIVXB",5.19,"Merchandise"
10/02/2024,10/02/2024,"AMAZON WEB SERVICES AWS.AMAZON.COWA8WNBGO7MZMP",0.54,"Services"
10/04/2024,10/04/2024,"85C BAKERY CAFE USA LOS ANGELES CA",6.40,"Merchandise"
10/04/2024,10/04/2024,"GELSON'S MARKETS #4 LOS ANGELES CA",2.09,"Supermarkets"
10/10/2024,10/10/2024,"AMAZON MKTPL*RF9OE7F33 AMZN.COM/BILLWA3C1SRORORF8",23.56,"Merchandise"
10/13/2024,10/13/2024,"APPLE.COM/BILL 866-712-7753 CAMLF0DXN8N9A0",2.99,"Merchandise"
10/17/2024,10/17/2024,"AMAZON PRIME*003ZT15C3 AMZN.COM/BILLWA7ABZWQDYM54",7.60,"Merchandise"
10/21/2024,10/21/2024,"INTERNET PAYMENT - THANK YOU",-257.21,"Payments and Credits"
10/23/2024,10/23/2024,"UCLA BCC WEB DEPOSIT LOS ANGELES CA",30.00,"Education"
10/25/2024,10/25/2024,"AMAZON MKTPL*RT9LR4EK3 AMZN.COM/BILLWA5D1DSO1UOGD",50.36,"Merchandise"
10/27/2024,10/27/2024,"AMAZON MKTPL*M94LT6MX3 AMZN.COM/BILLWA1MZ0DKZI9II",6.56,"Merchandise"
10/29/2024,10/29/2024,"UCLA RECREATION ONLINE 310-206-8373 CA",10.00,"Education"
10/30/2024,10/30/2024,"AMAZON MKTPL*Z680O11K1 AMZN.COM/BILLWA1HC5LTOYDQG",65.22,"Merchandise"
10/31/2024,10/31/2024,"AMAZON MKTPL*AD7QC0OZ3 AMZN.COM/BILLWA6SACTBW6UUH",32.84,"Merchandise"
11/01/2024,11/01/2024,"BIRD APP* PENDING.BIRD 8662052442 FL",4.39,"Travel/ Entertainment"
11/01/2024,11/01/2024,"CHIPOTLE ONLINE 949-524-4000 CA",11.69,"Restaurants"
11/02/2024,11/02/2024,"7-ELEVEN 16346 SANTA CRUZ CA",4.20,"Gasoline"
11/02/2024,11/02/2024,"AMAZON WEB SERVICES AWS.AMAZON.COWAQ3B9VWB7WKS",0.53,"Services"
11/02/2024,11/02/2024,"TAQUERIA LOS PERICOS SANTA CRUZ CA",13.65,"Restaurants"
11/02/2024,11/02/2024,"TST*THE BAGELRY - CEDA SANTA CRUZ CA00105515021081771262AA",5.48,"Merchandise"
11/03/2024,11/03/2024,"CHIPOTLE ONLINE 949-524-4000 CA",11.15,"Restaurants"
11/03/2024,11/03/2024,"TST*THE BAGELRY - CEDA SANTA CRUZ CA00105515021111475317AA",6.36,"Merchandise"
11/06/2024,11/06/2024,"CARLS JR 505 LOS ANGELES CA",0.40,"Restaurants"
11/07/2024,11/07/2024,"AMAZON.COM*OW7EX13H3 AMZN.COM/BILLWA3DBQH6DDK4Y",13.14,"Merchandise"
11/07/2024,11/07/2024,"RALPHS #0759 LOS ANGELES CA",5.00,"Supermarkets"
11/08/2024,11/08/2024,"NIJIYA MARKET #35 WEST LOS ANGECA",6.07,"Supermarkets"
11/08/2024,11/10/2024,"AMAZON MKTPLACE PMTS AMZN.COM/BILLWA5EL9BJGMR8B",-32.84,"Payments and Credits"
11/11/2024,11/11/2024,"AMAZON MKTPL*7382B1IF3 AMZN.COM/BILLWAFAU9LU6T4CN",10.94,"Merchandise"
11/11/2024,11/11/2024,"AMAZON.COM*VN9UV53O3 AMZN.COM/BILLWA1XC8UOADVTN",47.09,"Merchandise"
11/12/2024,11/12/2024,"AMAZON MKTPL*UE4RL9ZD3 AMZN.COM/BILLWA3BKIJQ3ZFA1",10.94,"Merchandise"
11/12/2024,11/12/2024,"AMAZON.COM*732XN69S3 AMZN.COM/BILLWA4HQ94RLI3TM",5.88,"Merchandise"
11/14/2024,11/14/2024,"APPLE.COM/BILL 866-712-7753 CAMLF0HZQQ1TA0",2.99,"Merchandise"
11/17/2024,11/17/2024,"AMAZON PRIME*9T7O70AM3 AMZN.COM/BILLWA5733YWAIRUJ",7.60,"Merchandise"
11/18/2024,11/20/2024,"99 RANCH MARKET #1255 LOS ANGELES CA",68.28,"Supermarkets"
11/20/2024,11/20/2024,"AMAZON MKTPL*ER22B9O53 AMZN.COM/BILLWA6UWAOQR4057",13.69,"Merchandise"
11/20/2024,11/20/2024,"BIRD APP* PENDING.BIRD 8662052442 FL",4.87,"Travel/ Entertainment"
11/21/2024,11/21/2024,"INTERNET PAYMENT - THANK YOU",-329.64,"Payments and Credits"
11/26/2024,11/27/2024,"AMAZON MKTPLACE PMTS AMZN.COM/BILLWA4RFRBN25Q6W",-13.69,"Payments and Credits"
12/02/2024,12/02/2024,"OPENAI 4158799686 CA",5.00,"Merchandise"
12/03/2024,12/03/2024,"AMAZON WEB SERVICES AWS.AMAZON.COWA2K8D1569VGS",0.54,"Services"
12/03/2024,12/03/2024,"SLICE*ENZOSNYPIZZERIA 8889749928 NY",740.76,"Restaurants"
12/04/2024,12/04/2024,"NIKE.COM 8008066453 CA",88.15,"Merchandise"
12/05/2024,12/05/2024,"TEMU.COM TEMU.COM CATEMU.COM",48.34,"Department Stores"
12/13/2024,12/13/2024,"APPLE.COM/BILL 866-712-7753 CA",2.99,"Merchandise"
12/17/2024,12/17/2024,"AMAZON PRIME*Z18VA5Z61 AMZN.COM/BILLWA46R1RUWENNR",7.60,"Merchandise"
12/21/2024,12/21/2024,"INTERNET PAYMENT - THANK YOU",-966.53,"Payments and Credits"
12/23/2024,12/23/2024,"SAFEWAY #1647 ELK GROVE CA",17.94,"Supermarkets"
12/27/2024,12/27/2024,"MCDONALDS 35050 STOCKTON CA",5.43,"Restaurants"
12/28/2024,12/28/2024,"WL *STEAM PURCHASE 425-889-9642 WA00016J19VYNKC001001",9.69,"Merchandise"
01/02/2025,01/02/2025,"AMAZON WEB SERVICES AWS.AMAZON.COWA1EROB5IEQ81",0.54,"Services"
01/05/2025,01/05/2025,"UCLA BCC WEB DEPOSIT LOS ANGELES CA",25.00,"Education"
01/07/2025,01/07/2025,"ZIPCAR TRIP JAN11 BOSTON MA",107.58,"Travel/ Entertainment"
01/08/2025,01/08/2025,"RALPHS #0759 LOS ANGELES CA",10.39,"Supermarkets"
01/08/2025,01/08/2025,"ZIPCAR EXTEND JAN11 BOSTON MA",12.88,"Travel/ Entertainment"
01/09/2025,01/09/2025,"AMAZON MKTPL*Z59FN1EE2 AMZN.COM/BILLWA5TOPIPEVEF5",3.14,"Merchandise"
01/09/2025,01/09/2025,"H MART IRVINE WESTPARK L IRVINE CA",34.87,"Supermarkets"
01/09/2025,01/10/2025,"ZIPCAR EXTEND JAN11 BOSTON MA",-12.88,"Payments and Credits"
01/09/2025,01/10/2025,"ZIPCAR TRIP JAN11 BOSTON MA",-107.58,"Payments and Credits"
01/10/2025,01/10/2025,"ALBERTSONS #0597 IRVINE CA",3.89,"Supermarkets"
01/11/2025,01/11/2025,"AMERICAN AIRLINES FT WORTH TX",108.48,"Travel/ Entertainment"
01/11/2025,01/11/2025,"CLIPPER SYSTEMS MOBILE # CONCORD CA",10.00,"Travel/ Entertainment"
01/11/2025,01/11/2025,"CLIPPER SYSTEMS MOBILE # CONCORD CA",10.00,"Travel/ Entertainment"
01/15/2025,01/15/2025,"TACO BELL 700290 916-338-7770 CA",5.39,"Restaurants"
